script	group	verdict	report_line
experiments/10-build-target-image.sh	7	DELETE	group-7.md:120
experiments/100-interpose-symbols.sh	6	KEEP-SHELL	group-6.md:110
experiments/105-interpose-ownership.sh	8	SPLIT	group-8.md:198
experiments/106-interpose-identity.sh	10	SPLIT	group-10.md:75
experiments/110-bloat-delta.sh	10	RUST-TOOL	group-10.md:168
experiments/120-reproducible-build.sh	8	RUST-TOOL	group-8.md:339
experiments/125-across-distributions.sh	3	RUST-TOOL	group-3.md:105
experiments/130-probe-parity.sh	8	RUST-TEST	group-8.md:420
experiments/140-space-precheck.sh	1	RUST-TEST	group-1.md:116
experiments/145-podvm-parity.sh	10	RUST-TEST	group-10.md:268
experiments/146-podvm-initramfs.sh	5	SPLIT	group-5.md:92
experiments/147-podvm-exec.sh	3	KEEP-SHELL	group-3.md:236
experiments/148-podvm-fleet.sh	7	SPLIT	group-7.md:265
experiments/149-podvm-non-goals.sh	9	SPLIT	group-9.md:95
experiments/150-image-acquisition.sh	5	SPLIT	group-5.md:177
experiments/151-spawn-ambiguity.sh	8	RUST-TEST	group-8.md:524
experiments/152-nix-acceptance.sh	6	SPLIT	group-6.md:169
experiments/153-store-lock-race.sh	2	RUST-TOOL	group-2.md:85
experiments/154-tcg-workload-spread.sh	8	SPLIT	group-8.md:627
experiments/155-proc-absence.sh	3	SPLIT	group-3.md:328
experiments/156-closure-records.sh	3	DELETE	group-3.md:377
experiments/157-lock-inheritance-prove.sh	8	RUST-TEST	group-8.md:708
experiments/158-interpose-embedding.sh	5	DELETE	group-5.md:282
experiments/159-interpose-placement.sh	9	SPLIT	group-9.md:212
experiments/160-store-gc.sh	2	RUST-TEST	group-2.md:223
experiments/161-path-rewrite.sh	8	SPLIT	group-8.md:820
experiments/162-tar-symlink-modes.sh	10	DELETE	group-10.md:361
experiments/163-ladder-drive.sh	1	DELETE	group-1.md:267
experiments/170-probe-cache.sh	6	SPLIT	group-6.md:228
experiments/180-registry-fixture.sh	6	KEEP-SHELL	group-6.md:294
experiments/190-parallel-layers.sh	3	RUST-TOOL	group-3.md:456
experiments/20-enter-target.sh	3	KEEP-SHELL	group-3.md:590
experiments/200-registry-auth.sh	8	KEEP-SHELL	group-8.md:927
experiments/210-store-concurrency.sh	10	KEEP-SHELL	group-10.md:428
experiments/220-extract-path-safety.sh	7	SPLIT	group-7.md:419
experiments/230-lifecycle-loop.sh	7	SPLIT	group-7.md:580
experiments/240-distro-sweep.sh	7	KEEP-SHELL	group-7.md:739
experiments/245-interpose-sweep.sh	4	KEEP-SHELL	group-4.md:900
experiments/250-negative-tests.sh	10	SPLIT	group-10.md:499
experiments/251-tty-refusal-no-ptmx.sh	2	RUST-TOOL	group-2.md:355
experiments/260-multiarch.sh	7	SPLIT	group-7.md:869
experiments/270-multiarch-image.sh	4	SPLIT	group-4.md:621
experiments/280-insecure-registry.sh	10	KEEP-SHELL	group-10.md:597
experiments/290-microvm.sh	6	KEEP-SHELL	group-6.md:346
experiments/30-attribution-census.sh	4	RUST-TEST	group-4.md:385
experiments/300-run.sh	4	SPLIT	group-4.md:767
experiments/310-session-startup.sh	10	RUST-TOOL	group-10.md:648
experiments/320-cli-contract.sh	5	SPLIT	group-5.md:345
experiments/325-parity-drive.sh	3	RUST-TEST	group-3.md:658
experiments/326-store-contention-prove.sh	6	SPLIT	group-6.md:396
experiments/330-exit-codes.sh	9	SPLIT	group-9.md:324
experiments/340-detached-stdio.sh	5	RUST-TEST	group-5.md:500
experiments/350-tool-live.sh	6	DELETE	group-6.md:493
experiments/351-signal-forward.sh	6	SPLIT	group-6.md:566
experiments/352-ascii-output.sh	1	SPLIT	group-1.md:377
experiments/353-open-issue-triage.sh	4	KEEP-SHELL	group-4.md:984
experiments/354-lifecycle-same-store.sh	9	DELETE	group-9.md:444
experiments/355-parity-curated.sh	1	RUST-TEST	group-1.md:502
experiments/356-no-chroot-rung.sh	6	SPLIT	group-6.md:637
experiments/357-tcg-profile.sh	10	KEEP-SHELL	group-10.md:746
experiments/358-ladder-rungs.sh	5	SPLIT	group-5.md:593
experiments/359-supervision-split.sh	9	SPLIT	group-9.md:506
experiments/360-perf-harness.sh	2	RUST-TOOL	group-2.md:455
experiments/361-guest-usernet.sh	7	KEEP-SHELL	group-7.md:1027
experiments/362-windows-refusal.sh	7	RUST-TEST	group-7.md:1148
experiments/363-device-map.sh	9	SPLIT	group-9.md:614
experiments/364-qol.sh	8	RUST-TEST	group-8.md:1036
experiments/365-namespace.sh	5	RUST-TEST	group-5.md:728
experiments/366-namespace-base.sh	2	RUST-TOOL	group-2.md:579
experiments/367-qemu-user-aarch64.sh	7	KEEP-SHELL	group-7.md:1316
experiments/368-run-decay.sh	3	RUST-TEST	group-3.md:804
experiments/369-windows-tcg-dos.sh	4	KEEP-SHELL	group-4.md:1061
experiments/370-windows-guest.sh	6	SPLIT	group-6.md:700
experiments/371-validationos-stream.sh	2	KEEP-SHELL	group-2.md:701
experiments/372-pull-ceiling.sh	6	SPLIT	group-6.md:752
experiments/373-store-gates.sh	5	RUST-TEST	group-5.md:814
experiments/382-restricted-sshd.sh	4	KEEP-SHELL	group-4.md:1140
experiments/383-ssh-liveness.sh	3	DELETE	group-3.md:953
experiments/384-windows-lane-v6.sh	2	KEEP-SHELL	group-2.md:761
experiments/385-kvm-open.sh	10	KEEP-SHELL	group-10.md:806
experiments/386-podssh-partial.sh	10	DELETE	group-10.md:859
experiments/387-mux-two-client.sh	2	KEEP-SHELL	group-2.md:809
experiments/388-interactive-shell.sh	9	RUST-TEST	group-9.md:728
experiments/389-remote-ssh.sh	2	SPLIT	group-2.md:864
experiments/390-machine-ssh.sh	5	SPLIT	group-5.md:940
experiments/391-machine-bridge.sh	9	KEEP-SHELL	group-9.md:842
experiments/392-kvm-guest.sh	8	KEEP-SHELL	group-8.md:1185
experiments/393-build-freshness.py	1	SPLIT	group-1.md:636
experiments/394-ssh-package.sh	9	RUST-TOOL	group-9.md:915
experiments/395-reconcile-repository.py	8	RUST-TOOL	group-8.md:1247
experiments/396-audit-linux.sh	2	KEEP-SHELL	group-2.md:988
experiments/397-exported-build.py	9	RUST-TOOL	group-9.md:1059
experiments/398-gate-diagnostics.py	7	RUST-TEST	group-7.md:1437
experiments/399-publication.py	8	RUST-TOOL	group-8.md:1337
experiments/40-language-selection.sh	3	DELETE	group-3.md:1026
experiments/400-kvm-cleanup.py	5	KEEP-SHELL	group-5.md:1032
experiments/401-emulator-streams.sh	3	DELETE	group-3.md:1087
experiments/50-interpose-tier.sh	5	DELETE	group-5.md:1110
experiments/60-interposer-libc.sh	8	RUST-TOOL	group-8.md:99
experiments/70-whiteout-contract.sh	4	RUST-TEST	group-4.md:116
experiments/80-interposer-abi.sh	9	SPLIT	group-9.md:1201
experiments/85-completion-symlink-escape.sh	4	RUST-TEST	group-4.md:252
experiments/90-nsswitch-contract.sh	9	SPLIT	group-9.md:1331
experiments/95-podman-vfs-ignorechown.sh	4	RUST-TEST	group-4.md:498
experiments/targetfs.sh	3	KEEP-SHELL	group-3.md:1158
scripts/build-interpose.sh	10	RUST-TOOL	group-10.md:949
scripts/build-state.py	2	RUST-TOOL	group-2.md:1032
scripts/check-todo.py	1	RUST-TOOL	group-1.md:800
scripts/dev.sh	7	RUST-TOOL	group-7.md:1592
scripts/document-state.py	4	RUST-TOOL	group-4.md:1227
scripts/gnu-link-stub.sh	1	KEEP-SHELL	group-1.md:953
scripts/nightly-smoke.sh	7	RUST-TOOL	group-7.md:1755
scripts/package-ssh.sh	3	RUST-TOOL	group-3.md:1222
scripts/plant.sh	5	RUST-TOOL	group-5.md:1185
scripts/release-licenses.py	2	RUST-TOOL	group-2.md:1126
scripts/release-notes.sh	4	RUST-TOOL	group-4.md:1369
scripts/session-start.sh	9	RUST-TOOL	group-9.md:1456
scripts/todo-count.py	1	RUST-TOOL	group-1.md:1025
scripts/verify-release.sh	6	RUST-TOOL	group-6.md:821
scripts/zig-ar.sh	6	KEEP-SHELL	group-6.md:884
scripts/zig-cc.sh	1	SPLIT	group-1.md:1119
